{
  "n_sessions_total": 76,
  "M1: parse rate": {
    "n": 7,
    "mean": 1.0,
    "stdev": 0.0,
    "median": 1.0,
    "ci95": [
      1.0,
      1.0
    ]
  },
  "M1: schema-pass rate": {
    "n": 7,
    "mean": 1.0,
    "stdev": 0.0,
    "median": 1.0,
    "ci95": [
      1.0,
      1.0
    ]
  },
  "M1: avg attempts": {
    "n": 7,
    "mean": 1,
    "stdev": 0.0,
    "median": 1,
    "ci95": [
      1.0,
      1.0
    ]
  },
  "M1: avg sanitizer fixes": {
    "n": 7,
    "mean": 5.714285714285714,
    "stdev": 1.9760470401187076,
    "median": 5,
    "ci95": [
      4.428571428571429,
      7.142857142857143
    ]
  },
  "M2: string accuracy": {
    "n": 7,
    "mean": 1.0,
    "stdev": 0.0,
    "median": 1.0,
    "ci95": [
      1.0,
      1.0
    ]
  },
  "M3: replan attempts": {
    "n": 76,
    "mean": 1.631578947368421,
    "stdev": 9.069865276857803,
    "median": 0.0,
    "ci95": [
      0.06578947368421052,
      3.986842105263158
    ]
  },
  "M3: successful orchestrations": {
    "n": 76,
    "mean": 0.10526315789473684,
    "stdev": 0.5311358236439101,
    "median": 0.0,
    "ci95": [
      0.013157894736842105,
      0.2236842105263158
    ]
  },
  "M3: revisions": {
    "n": 76,
    "mean": 0.07894736842105263,
    "stdev": 0.39202577788496995,
    "median": 0.0,
    "ci95": [
      0.013157894736842105,
      0.17105263157894737
    ]
  },
  "M3: success ratio": {
    "n": 5,
    "mean": 0.3472549019607843,
    "stdev": 0.3689170222685482,
    "median": 0.25,
    "ci95": [
      0.057843137254901957,
      0.6366666666666667
    ]
  },
  "M3: revisions per hour": {
    "n": 76,
    "mean": 3.2317599176098524,
    "stdev": 15.850030837776842,
    "median": 0.0,
    "ci95": [
      0.5249334646833514,
      6.905898538923394
    ]
  },
  "M4: memory consistency": {
    "n": 4,
    "mean": 1.0,
    "stdev": 0.0,
    "median": 1.0,
    "ci95": [
      1.0,
      1.0
    ]
  },
  "M5: median latency (ms)": {
    "n": 4,
    "mean": 4793.875,
    "stdev": 1669.5117237783427,
    "median": 4447.75,
    "ci95": [
      3525.875,
      6408.0
    ]
  },
  "M5: p95 latency (ms)": {
    "n": 4,
    "mean": 5716.25,
    "stdev": 2389.256840525941,
    "median": 5730.0,
    "ci95": [
      3720.0,
      7712.5
    ]
  },
  "M5: max latency (ms)": {
    "n": 4,
    "mean": 5716.25,
    "stdev": 2389.256840525941,
    "median": 5730.0,
    "ci95": [
      3720.0,
      7712.5
    ]
  }
}